Sign,DOB,Name_of_person,place_of_birth,time_of_birth,latitude,longitude
aries,16-09-1942,Aarav,Kadapa ,15:26,14.4752936,78.8216861
leo,27-12-1991,Geethanvitha,Kochi,3:30,9.9674277,76.2454436
sagittarius,08-12-1949,Anjuman,Rajkot,2:15,22.3053263,70.8028377
taurus,24-05-1999,Geet,Burhanpur ,18:12,26.269739549999997,82.99508798317166
virgo,13-01-1948,Priti,Purnia ,21:47,26.0,87.5
capricorn,18-05-1994,Kushal,Patan ,10:57,23.773753,71.67985812598445
gemini,16-09-1958,Anshit,Patiala,0:36,30.20927775,76.33972313649818
libra,26-08-1994,Vikas,Eluru ,19:21,16.7104257,81.1153816
aquarius,11-10-1993,Khushboo,Yercaud,1:34,11.7852074,78.2075392
cancer,26-07-1968,Akshaya,Barddhaman ,4:0,23.25,87.75
scorpio,04-02-1984,Aadharsh,New Delhi ,20:13,28.6138954,77.2090057
pisces,17-05-1962,Ikshita,Chittoor ,17:14,13.2161224,79.0972819
aries,23-06-1968,Chaitanya,Navi Mumbai ,4:54,19.0308262,73.0198537
leo,20-01-1985,Ajeet,Kishanganj ,12:15,26.29841435,87.94667148301295
sagittarius,10-09-1961,Rajesh,Madhyamgram ,3:59,22.6947839,88.4530183
taurus,20-02-1960,Jagdish,Kakinada,2:4,16.9437385,82.2350607
virgo,02-02-1985,Advika,Lucknow ,1:8,26.8381,80.9346001
capricorn,22-06-1943,Jawad,Jodhpur,19:40,26.2967719,73.0351433
gemini,24-12-1994,Ambuj,Satna ,14:9,24.5,81.0
libra,14-06-1951,Dharv,Guntur ,2:14,16.2915189,80.4541588
aquarius,03-01-1967,Anunay,Nizamabad,23:23,26.055317950000003,82.99313867937335
cancer,27-06-1993,Ahilan,Kannur,2:51,11.8763836,75.3737973
scorpio,19-11-1981,Ashok,Aurangabad,15:55,24.786306,84.41448983395554
pisces,24-03-1988,Falak,Ranchi ,22:17,23.3700501,85.3250387
aries,10-07-1956,Ashok,Godhra ,3:59,22.7785001,73.6245157
leo,09-10-1943,Arasi,Matheran,13:57,18.9901544,73.2700191
sagittarius,10-08-1953,Chandrashekhar,Unakoti,4:32,24.19098485,92.04604830534434
taurus,07-01-1957,Maanvi,Barasat ,21:39,22.7191072,88.4826229
virgo,30-08-1972,Aadhira,Solapur ,21:40,17.84990665,75.27632027348457
capricorn,07-09-1947,Arjun,Indore,8:25,22.7203616,75.8681996
gemini,29-07-1991,Armaan,Kanha,16:10,19.8628957,77.6810002
libra,09-09-1987,Ari,Jamalpur ,11:46,25.3297912,86.45677664617543
aquarius,30-01-1968,Kapil,Karawal Nagar ,6:55,28.7311406,77.2747898
cancer,15-11-1944,Renu,Murshidabad,14:45,24.1745993,88.2721335
scorpio,15-09-1946,Alok,Maunath Bhanjan ,4:32,25.95129175,83.64654609363376
pisces,30-12-1979,Smitha,Raniganj ,0:0,25.7967065,82.0634445567081
aries,11-02-1989,Farid,Amravati,4:41,21.15454115,77.64429617998744
leo,02-05-1985,Ahmad,Udaipur ,5:5,24.578721,73.6862571
sagittarius,21-08-1955,Gokul,Betul ,10:16,21.8797472,77.87536507259225
taurus,29-09-1947,Asad,Jabalpur,18:39,23.1608938,79.9497702
virgo,09-09-1997,Gajaanan,Madanapalle ,16:10,13.5557979,78.500872
capricorn,10-07-1991,Asha,Chittorgarh,11:16,24.7171578,74.47181293724019
gemini,29-09-1976,Himmat,Chandrapur ,12:50,20.0967555,79.50454752230621
libra,01-11-1987,Diya,Pithampur ,21:29,22.6105576,75.6790283
aquarius,07-03-1949,Arpit,Kalyani ,11:33,22.9749723,88.4345915
cancer,29-12-1968,Keshav,Raurkela Industrial Township ,18:3,,
scorpio,20-11-1946,Karampreet,Bhubaneshwar,1:49,20.2602964,85.8394521
pisces,21-11-1989,Alina,Nabadwip ,11:3,23.4086684,88.3657991
aries,10-05-1953,Ati,Nandyal,16:35,15.4736293,78.4806592
leo,04-08-1974,Gajapati,Nagercoil ,11:0,8.1880471,77.4290492
sagittarius,05-03-1986,Kundan,Nagpur ,18:27,21.1498134,79.0820556
taurus,19-02-1986,Gurdayal,Chopta,20:18,30.3514012,79.0426792
virgo,07-05-1965,Sonia,Ambarnath ,12:31,19.2015607,73.2004771
capricorn,18-06-1979,Dhanraj,Hooghly,1:44,22.90994025,88.01208246766723
gemini,15-11-1946,Hariom,Jaipur ,22:23,26.9154576,75.8189817
libra,06-02-1961,Sashi,Chennai ,2:24,13.0836939,80.270186
aquarius,10-11-1979,Bhrithi,Varanasi,15:25,25.3356491,83.0076292
cancer,14-04-1950,Asharudeen,Firozpur ,11:9,30.8753832,74.65254375024789
scorpio,12-05-1943,Arnav,Bhusawal ,6:20,21.04572,75.7808079
pisces,26-02-1970,Furqan,Vasai Virar City ,7:56,19.3423819,72.80459598467579
aries,04-03-1948,Adhiraj,Kanchrapara ,23:6,22.9496431,88.4378838
leo,17-11-1982,Febin,Fyzabad,9:47,10.1802665,-61.5467618
sagittarius,28-04-1965,Ashit,Siliguri,23:40,26.7164127,88.4309916
taurus,01-08-1977,Garvit,Jorapokhar,18:59,23.7167069,86.4110166
virgo,10-10-1957,Amitava,Kedarnath,21:12,30.7345609,79.0673204
capricorn,21-01-1942,Jhumpa,Alwar ,2:26,27.414004849999998,76.61703869600933
gemini,15-06-1987,Joshil,Kangra,12:32,32.166667,76.25
libra,12-09-1990,Sameer,Gokarna,2:42,14.5439629,74.3184418
aquarius,01-10-1997,Dev,Budaun ,13:3,28.116667,78.983333
cancer,29-10-1943,Satish,Vizianagaram ,13:57,18.1139259,83.3979562
scorpio,11-09-1998,Hamood,Hindaun ,12:58,26.7325006,77.0363121
pisces,14-02-1957,Hemanshu,Gwalior,1:1,26.2037247,78.1573628
aries,11-07-1947,Chaman,Mangalore,7:55,12.8698101,74.8430082
leo,21-02-1976,Honey,Pali,18:29,25.45522105,73.4193889559074
sagittarius,18-06-1994,Jasim,Haora,17:12,22.5736296,88.3251045
taurus,13-11-1975,Avanish,Amaravati,2:19,16.5096679,80.5184535
virgo,04-05-1989,Dhrsita,Fatehpur ,5:34,25.8348023,80.91545468512774
capricorn,15-11-1965,Dayita,Abohar ,11:19,30.1450543,74.1956597
gemini,24-08-1985,Usha,Panihati ,4:18,22.6950342,88.4073585
libra,02-10-1941,Kiyana,Bidhan Nagar ,13:56,22.591149,88.3912585
aquarius,15-01-1974,Ali,Siliguri ,4:2,26.7164127,88.4309916
cancer,22-10-1988,Amarnath,Navsari,20:35,20.952407,72.9323831
scorpio,09-04-1967,Lavanya,Beawar ,5:46,26.0992137,74.3127044
pisces,10-04-1983,Arshad,Kolhapur,7:9,16.7028412,74.2405329
aries,22-01-1963,Tejas,Gangapur City ,7:6,26.4766906,76.7232749
leo,29-08-1947,Chandan,Maheshtala ,16:31,22.5060294,88.2501665
sagittarius,26-04-1952,Japan,Achalpur ,23:52,21.240792499999998,77.42779700393686
taurus,01-02-1985,Gayanthika,Bahraich ,19:56,27.734382250000003,81.47653998303304
virgo,05-10-1946,Abdul,Bhopal,18:52,23.2584857,77.401989
capricorn,22-11-1998,Amberlie,Lucknow,19:58,26.8381,80.9346001
gemini,20-08-1969,Jaganath,Rajahmundry,2:47,17.0050454,81.7804732
libra,23-07-1956,Ijay,Ratlam,22:45,23.50222005,74.9551534052134
aquarius,14-10-1961,Bhanu,Dallo Pura ,14:6,,
cancer,16-09-1962,Arundhati,Calicut,10:14,11.2450558,75.7754716
scorpio,26-01-1998,Chaaya,Barddhaman,8:22,23.25,87.75
pisces,07-02-1977,Asmita,Aizawl  ,5:24,23.7433532,92.7382756
aries,19-08-1965,Anchal,Raurkela,19:36,22.21428495,84.87243686998576
leo,26-01-1999,Rani,Alappuzha ,7:40,9.5006651,76.41241428564258
sagittarius,22-07-1966,Arjun,Nanded Waghala ,4:35,19.169335,77.311013
taurus,07-01-1956,Hunny,Jaipur,3:43,26.9154576,75.8189817
virgo,07-08-1982,Diganth,Sundarbans,9:36,22.023988699999997,89.31360358800323
capricorn,12-01-1982,Kaeya,Chandannagar ,17:53,22.8639237,88.3703496
gemini,15-07-1975,Hasina,Bhimbetka,13:7,22.9384007,77.6133286
libra,19-01-1947,Abhitha,Pathankot ,2:6,32.3021899,75.65894063717977
aquarius,29-12-1975,Lucky,Akbarpur ,5:25,26.424310650000002,82.5679341735663
cancer,01-07-1942,Alagi,Coimbatore,1:26,11.0018115,76.9628425
scorpio,27-09-1944,Diksha,Agra,18:3,27.1752554,78.0098161
pisces,20-12-1946,Jagadeesh,Machilipatnam,20:3,16.1817369,81.1348181
aries,01-03-1963,Gundeep,Biharsharif ,13:39,25.203511849999998,85.52609103791916
leo,07-09-1962,Inderbir,Bhatpara ,7:41,22.8571157,88.3971976
sagittarius,15-12-1962,Lirthika,Greater Noida,20:17,28.4670734,77.5137649
taurus,21-08-1967,Ankur,Ambala Sadar ,2:6,30.3400628,76.8419494
virgo,21-06-1979,Ekiya,Muzaffarnagar ,22:59,29.44969785,77.74293325807088
capricorn,26-10-1975,Kawaljit,Jetpur Navagadh ,2:1,21.7640594,70.6166597
gemini,04-10-1996,Damyanti,Havelock Island,19:11,11.965195399999999,92.99562114546528
libra,23-11-1957,Yogita,Salem ,3:45,44.9391565,-123.033121
aquarius,07-10-1969,Kundalik,Hubli,20:18,15.3518378,75.1379848
cancer,14-09-1948,Jasvinder,Ganganagar ,19:59,23.7497214,91.87663495294915
scorpio,17-06-1993,Dipika,Khammam ,20:42,17.172918850000002,80.40575365751027
pisces,31-03-1950,Govind,Sasaram ,7:23,24.9001003,84.0182110684575
aries,03-06-1949,Jasleen,Bengaluru,8:11,12.98815675,77.62260003796
leo,03-06-2001,Amisha,Karur,15:0,10.821767099999999,78.38286541157868
sagittarius,09-12-1973,Inderpreet,Haripur,1:15,27.0139022,85.5417221759705
taurus,12-04-1983,Bhakti,Haldia ,9:19,22.028124,88.0632655
virgo,14-01-1966,Ilyas,Uttarpara Kotrung ,13:42,22.6675463,88.3437177
capricorn,02-03-2001,Hershit,Nainital,4:3,29.29499495,79.41625112686134
gemini,20-06-1942,Krishna,Baharampur ,14:12,24.1044927,88.2510635
libra,07-08-1997,Anshul,Aligarh,12:39,27.8761073,78.13581531245276
aquarius,07-12-1988,Adhyan,Bagalkot ,15:42,16.1793224,75.6999315
cancer,07-05-1959,Dhruvan,Chilakaluripet ,10:17,16.0949502,80.1658779
scorpio,01-03-1953,Aravind,Chitrakoot,15:13,25.21713895,81.10459272134409
pisces,06-08-1989,Kanisha,Bengaluru,14:46,12.98815675,77.62260003796
aries,01-06-1981,Kamran,Bengaluru,15:8,12.98815675,77.62260003796
leo,03-12-1971,Harshit,Jalgaon ,19:4,20.84288265,75.52612463784979
sagittarius,12-06-1988,Vimla,Tuticorin,9:26,8.8052602,78.1452745
taurus,19-03-1972,Imaad,Farrukhabad-cum-Fatehgarh ,2:16,,
virgo,25-04-1958,Jaipreet,Bhiwadi ,23:47,28.2039413,76.837441
capricorn,04-07-1944,Elisaiyan,Parbhani ,8:0,19.29019805,76.60264434278307
gemini,27-02-1982,Shradha,Khajuraho,3:58,24.8515132,79.9259786
libra,31-08-1950,Sridhar,Khanapur,14:31,15.639879,74.5088917
aquarius,14-06-1959,Liyana,Gulbarga,20:57,17.166667,77.083333
cancer,13-11-1981,Avni,Greater Noida ,19:22,28.4670734,77.5137649
scorpio,03-04-1949,Trisha,Krishnapuram,20:33,13.2793881,79.6285657
pisces,16-03-1961,Anshika,Mughalsarai ,4:3,25.3078635,83.1958664
aries,08-03-1954,Hansh,Adoni ,15:36,39.913451,9.185837
leo,21-01-1976,Jignasa,Karimnagar,16:10,18.4348122,79.1328042
sagittarius,08-08-1993,Devina,Murudeshwar,0:42,15.3410864,75.11971136443378
taurus,21-02-1988,Shweta,Junagadh ,13:38,21.5174104,70.4642754
virgo,10-05-1944,Karmjit,Vijayawada,23:1,16.5087573,80.6185089
capricorn,26-12-1992,Din,Rajarhat Gopalpur ,11:19,22.6286173,88.44061
gemini,18-06-1971,Ashal,Thane ,15:38,19.1943294,72.9701779
libra,04-10-1943,Bhoopendra,Visakhapatnam,2:50,17.7231276,83.3012842
aquarius,30-03-1977,Jaithra,Dhanbad ,13:23,23.7952809,86.4309638
cancer,08-02-1972,Sagar,Ludhiana ,5:44,30.9090157,75.851601
scorpio,23-01-1960,Geeta,Wayanad,16:42,11.71512915,76.12711850740615
pisces,27-12-1957,Lata,Thiruvananthapuram,6:24,8.4882267,76.947551
aries,20-01-1952,Kunaal,Katihar ,5:15,25.5586421,87.64571962485962
leo,25-02-1995,Devarya,Varanasi,23:6,25.3356491,83.0076292
sagittarius,18-04-1997,Aadiv,Bikaner ,18:31,28.0159286,73.3171367
taurus,03-05-1967,Livtar,Bhiwandi,8:13,19.3025562,73.0588072
virgo,20-08-1974,Ayaan,Agra,2:45,27.1752554,78.0098161
capricorn,09-09-1984,Indali,Amarkantak,15:51,22.670465,81.7588417
gemini,19-02-1973,Anish,Mysore,13:54,12.3051828,76.6553609
libra,12-06-1957,Kairav,Adilabad,20:41,19.54570375,78.60867589700759
aquarius,04-01-1996,Madhuri,Spiti Valley,20:52,,
cancer,02-08-1981,Gunamalar,Hospet,22:48,15.266493,76.3872297
scorpio,08-02-1994,Karishma,Latur,11:35,18.35159075,76.75542361334745
pisces,10-02-1968,Atishay,Ahmadabad ,6:29,23.0215374,72.5800568
aries,09-06-1973,Simran,South Dum Dum ,2:27,-28.3816667,153.3594444
leo,20-08-1988,Hetvi,Kulti ,13:45,23.7302149,86.8396711
sagittarius,27-11-1946,Sunaina,Bulandshahr ,19:55,28.3874073,77.9743804965303
taurus,20-09-1979,Abhik,Gangawati ,0:46,15.7212791,76.7392516
virgo,03-03-1988,Aasim,Kolkata,10:40,22.5726459,88.3638953
capricorn,28-05-1979,Indranil,Aurangabad,8:8,24.786306,84.41448983395554
gemini,22-12-1941,Ehtisham,Chirala,0:17,15.8361517,80.3636644
libra,20-07-1994,Amrin,Banswara ,19:56,23.49150465,74.35021720129201
aquarius,06-03-1994,Divyansh,Ludhiana,22:37,30.9090157,75.851601
cancer,03-09-1961,Ankit,Palwal ,13:18,28.1405741,77.3259802
scorpio,18-11-1990,Abinash,Rishikesh,7:23,30.1086537,78.2916193
pisces,04-10-1987,Davneet,Cherrapunji,15:28,25.2777336,91.7292416
aries,20-08-1999,Ekanjeet,Muktsar ,3:45,30.4692,74.5182
leo,14-01-1944,Khanak,English Bazar ,6:59,25.0057449,88.1398483
sagittarius,10-02-1975,Anmol,Tadpatri ,20:52,14.9393455,78.02808711615015
taurus,06-11-1980,Kanika,Amritsar ,3:48,31.6343083,74.8736788
virgo,04-07-1954,Aagney,Patiala ,14:42,30.20927775,76.33972313649818
capricorn,25-08-1943,Hashir,Bikaner,16:36,28.0159286,73.3171367
gemini,17-03-1984,Hammaad,Chamba,10:6,32.518429,76.23086565661742
libra,03-12-1948,Jaimini,Bhuj,21:53,23.2472446,69.668339
aquarius,19-09-1972,Chetan,Muzaffarnagar,21:28,29.44969785,77.74293325807088
cancer,06-11-2000,Aniya,Bijapur,16:22,16.8269911,75.7175387
scorpio,10-01-1951,Fatma,Silvassa,19:51,20.2736768,73.0045787
pisces,03-03-2001,Haleema,Bhavnagar,3:3,21.7718836,72.1416449
aries,04-09-1993,Krish,Hajipur ,11:33,25.7215853,85.2549691837086
leo,08-06-1958,Haarathi,Fatehpur Sikri,15:1,27.0911655,77.6623984
sagittarius,12-03-1977,Aadrik,Hyderabad,19:13,17.360589,78.4740613
taurus,02-05-2000,Kamini,Kota,18:0,25.196682950000003,76.00096873038872
virgo,01-08-1989,Kalyani,Munnar,23:44,10.0869959,77.0600915
capricorn,04-01-1943,Kalaiarasi,Nashik,15:18,20.0112475,73.7902364
gemini,27-05-1971,Agampreet,Agartala ,1:43,23.8312377,91.2823821
libra,06-01-1956,Aswin,Saugor,11:43,23.8477612,78.7433318
aquarius,10-03-1964,Abhinandan,Vijayawada ,7:0,16.5087573,80.6185089
cancer,16-08-2000,Arvind,Yamunanagar ,19:52,30.1231349,77.286329
scorpio,10-12-1978,Karishma,Auroville,19:29,12.0073927,79.8099471
pisces,24-10-1981,Niharika,Thanjavur,0:13,10.65903695,79.20142776213416
aries,10-10-1983,Debolina,Dalhousie,3:15,32.54357545,75.94484088677805
leo,17-02-1963,Chavi,Bagaha ,16:16,27.05901115,84.20646375475478
sagittarius,28-01-1996,Haider,Khardaha ,14:28,22.7156992,88.381582
taurus,07-04-1954,Adity,Deoghar ,23:33,24.4766423,86.60673245386945
virgo,08-02-1987,Bilal,Gangtok,2:44,27.329046,88.6122673
capricorn,09-09-1985,Avi,Puducherry ,6:16,10.91564885,79.80694879844232
gemini,17-06-1948,Lohith,Bodh Gaya,15:28,24.699280700000003,84.98735793629879
libra,21-02-1962,Adil,Cuddalore ,14:29,11.52020705,79.33963564750636
aquarius,20-01-1942,Kori,Jamshedpur ,10:57,22.8015194,86.2029579
cancer,25-04-1952,Reshma,Hindupur,8:53,13.8306127,77.492635
scorpio,14-01-1957,Shiva,Shivpuri ,10:20,25.374121549999998,77.82788660942335
pisces,24-03-1973,Amruta,Chikmagalur ,11:46,13.318014,75.7738743
aries,09-02-1944,Balbir,Proddatur,23:29,14.7555953,78.5501531
leo,17-06-1970,Bhanumati,Palakkad ,4:21,10.78736915,76.47421718925105
sagittarius,24-04-1990,Juhi,Rewari ,9:54,28.1956468,76.6165179
taurus,06-11-1962,Jigna,Mathura ,4:14,27.633333,77.583333
virgo,09-01-1973,Abhoy,Thanesar ,23:33,29.993039500000002,76.82922282678291
capricorn,29-12-1988,Indroneel,Nagpur,0:38,21.1498134,79.0820556
gemini,24-12-1948,Ishivara,Kolhapur,13:13,16.7028412,74.2405329
libra,12-08-1996,Ekani,Singrauli ,21:34,24.1974432,82.6661453
aquarius,29-03-1968,Kishor,Ranchi,13:46,23.3700501,85.3250387
cancer,27-04-1987,Sarika,Bulandshahr,17:37,28.3874073,77.9743804965303
scorpio,05-10-1963,Abhisumat,Basti ,6:27,27.25,83.0
pisces,06-06-1995,Kaushambi,Indore,20:3,22.7203616,75.8681996
aries,29-03-1953,Ganak,Ahmedabad,15:22,23.0215374,72.5800568
leo,29-04-1997,Bhadrak,Tiruvottiyur ,19:14,13.1563873,80.3005279
sagittarius,25-01-1982,Divakar,Kendujhar,23:9,21.5892323,85.66878413736906
taurus,20-02-1999,Ekachakra,Pathankot,23:19,32.3021899,75.65894063717977
virgo,31-08-1990,Devendra,Srikakulam ,4:59,18.622438000000002,84.14437640941347
capricorn,17-03-1976,Kushagra,Auli,12:12,60.0392514,11.3520012
gemini,01-07-1954,Debjani,Neil Island,17:25,48.13567345,-91.53010740255729
libra,09-04-1960,Prakash,Valparai,12:48,10.3279931,76.9557258
aquarius,08-12-1946,Gajrup,Panchkula,9:22,30.6975401,76.8551066
cancer,31-05-1983,Darshil,Kagaznagar,12:30,19.401042949999997,79.43454087965227
scorpio,28-12-1987,Eklavya,Dum Dum ,18:23,22.6520597,88.4360417
pisces,28-01-1985,Anjali,Kurichi ,3:23,10.8819438,78.8852691
aries,29-04-1992,Anushka,Nagda ,0:8,23.4578957,75.4191114
leo,11-02-1954,Hemant,Tiruvannamalai ,20:34,12.2343228,79.0761989
sagittarius,14-04-1961,Asma,Sikar,22:18,27.662505799999998,75.02799052644464
taurus,21-04-1957,Jiyan,Lonavala,18:47,18.7548563,73.4016729
virgo,08-12-1974,Prerna,Botad ,10:35,22.046709749999998,71.66896169930108
capricorn,23-11-1966,Humaira,Bhuj ,12:56,23.2472446,69.668339
gemini,08-10-1990,Amish,Nasik,16:53,-2.8338744,107.4174285
libra,02-06-1942,Janya,Dindigul,14:15,10.425689649999999,77.815663999998
aquarius,03-10-1980,Vishal,Rameswaram,3:33,9.2844657,79.3125553
cancer,17-03-1999,Atul,Bongaon ,12:0,25.1219027,90.0847039
scorpio,05-07-1995,Sushma,Shikohabad ,10:26,27.035826299999997,78.64962695161324
pisces,21-01-1981,Harshini,Dhule ,12:27,21.1305215,74.49006143365727
aries,12-10-1994,Kamada,Moradabad,4:59,28.879655300000003,78.80953353954959
leo,15-04-1990,Avantika,Narasaraopet ,1:23,16.2389242,80.0472879
sagittarius,26-10-1991,Livdeep,Shillong ,11:31,25.5760446,91.8825282
taurus,08-12-1998,Dev,Arrah ,1:40,25.62345725,84.59683868653386
virgo,13-02-1943,Pallavi,Bundi ,22:4,25.4367659,75.736147085863
capricorn,05-07-1945,Kalyani,Guntakal ,0:38,15.163811,77.3761354
gemini,17-03-1969,Adya,Port Blair,10:35,11.6645348,92.7390448
libra,31-08-1992,Arish,Pune,23:29,18.5213738,73.8545071
aquarius,26-11-1956,Arni,Barnala ,10:0,30.3716802,75.5039886995367
cancer,25-02-1964,Gunjan,Jind ,16:17,29.30219685,76.33894452216312
scorpio,09-03-1948,Girilal,Kaithal ,19:58,29.82231125,76.3790553562613
pisces,17-08-1942,Idhithri,Abohar,1:15,30.1450543,74.1956597
aries,13-11-1960,Chahat,Shimla,16:26,31.1041526,77.1709729
leo,26-04-1995,Janhvi,Rourkela,18:12,22.253999399999998,84.8577520139704
sagittarius,09-04-1945,Darshit,Bhadrak ,8:16,21.0633288,86.5053731
taurus,18-10-1963,Pranav,Lalitpur ,10:17,24.6999688,78.51861997577222
virgo,28-06-1952,Veena,Hastsal ,16:28,28.6359648,77.0487636
capricorn,05-09-1975,Geethu,Shimla,19:7,31.1041526,77.1709729
gemini,17-09-1980,Sahana,Gadag-Betigeri ,14:6,15.4263647,75.6300786
libra,02-07-1991,Deepali,Hemis,17:9,33.9083119,77.6341507
aquarius,24-10-1960,Monica,Raipur ,21:4,21.2380912,81.6336993
cancer,05-04-1947,Gunav,Meerut ,6:47,29.0018557,77.76796714992041
scorpio,02-02-2000,Hira,Panipat,12:16,29.3912753,76.9771675
pisces,21-08-1990,Richa,Surendranagar Dudhrej ,23:18,,
aries,21-04-1961,Aarushi,Loni ,6:30,22.195767,74.80494318124548
leo,15-08-1961,Aakriti,Bansberia ,21:42,22.0614999,88.2843636
sagittarius,24-03-1974,Aakarsh,Tirupati,20:58,13.6316368,79.4231711
taurus,02-08-1951,Akash,Ambur ,3:24,12.7874171,78.7188211
virgo,22-12-1976,Naresh,Saharsa ,13:19,25.83307565,86.61437508111757
capricorn,25-02-1955,Geeta,Jammu,18:19,32.7185614,74.8580917
gemini,11-07-1948,Amitesh,Anantapur,20:38,14.72421995,77.43067380798242
libra,16-11-1951,Joyeeta,Surat ,16:20,45.9383,3.2553
aquarius,21-06-1942,Kavish,Krishnanagar,1:3,23.4058481,88.4958935
cancer,14-02-1952,Kavan,Barrackpur ,21:19,-29.9452805,30.9643676
scorpio,23-08-1947,Alani,Ratlam ,11:41,23.50222005,74.9551534052134
pisces,08-04-1983,Akash,McLeod Ganj,23:5,32.2352666,76.326238
aries,17-08-1953,Baruni,Sikar ,22:18,27.662505799999998,75.02799052644464
leo,28-05-1955,Karamjot,Namchi,7:45,27.3031019,88.37859609224414
sagittarius,10-11-1999,Manoj,Titagarh ,11:51,22.7419198,88.379201
taurus,18-03-1997,Aum,Sirsa ,13:57,29.583333,75.083333
virgo,01-02-1980,Aariz,Ujjain,7:47,23.1885131,75.7716562
capricorn,08-04-1952,Asvin,Haldia,15:13,22.028124,88.0632655
gemini,14-07-1955,Gayathri,Diskit,13:49,34.5512277,77.5506547
libra,15-05-1979,Ishika,Vadodara ,7:7,22.2973142,73.1942567
aquarius,19-09-1967,Nirmala,Begusarai ,19:44,25.5125411,86.08833919362361
cancer,21-10-1983,Apratim,Darjeeling,5:30,27.0377554,88.263176
scorpio,04-01-1957,Kartikeya,Mahabalipuram,8:2,12.6195981,80.1936497
pisces,12-03-1956,Jiyu,Alappuzha,20:25,9.5006651,76.41241428564258
aries,04-01-1996,Abhilasha,Bhiwandi ,22:18,19.3025562,73.0588072
leo,20-08-1980,Bhawna,Bastar,5:6,19.11912825,81.82918648971713
sagittarius,25-02-2000,Japna,Kohima,3:36,25.6618755,94.1019156
taurus,08-05-1972,Fariya,Erode ,19:13,11.49052815,77.35052739885393
virgo,17-05-1997,Grahish,Visakhapatnam,21:43,17.7231276,83.3012842
capricorn,19-07-1956,Aanchal,Giridih ,16:18,24.1608897,86.25113503301655
gemini,26-05-1972,Harshita,Bolpur,2:38,23.661154,87.6962424
libra,18-02-1949,Kajal,Kurnool,20:30,15.8309251,78.0425373
aquarius,21-07-1972,Gaushik,Goa,9:29,15.3004543,74.0855134
cancer,24-12-1972,Anurag,Faridabad ,6:30,28.4031478,77.3105561
scorpio,21-10-1958,Aniket,Samlaipadar,20:38,21.2223813,83.4764224
pisces,24-10-1948,Nikhil,Bandhavgarh,8:22,23.6444125,81.0245022889163
aries,10-05-1992,Dushyant,Haora ,4:43,22.5736296,88.3251045
leo,21-07-1971,Aparna,Ranibennur ,3:16,14.625888,75.6357245
sagittarius,26-05-1948,Janvi,Tambaram ,14:34,12.9245279,80.1150525
taurus,07-02-1998,Astitva,Puri,18:19,19.8076083,85.8252538
virgo,08-11-1950,Anshul,Baramula,3:12,34.2086903,74.343498
capricorn,10-07-1978,Amar,Akola,6:33,20.76181225,77.1921156663574
gemini,15-09-1946,Anavi,Sagar ,20:53,23.808307550000002,78.75825398721975
libra,13-04-1999,Hamsavahini,Tharati Etawah,4:11,,
aquarius,19-10-1976,Guneet,Kishtwar,1:24,33.2761171,75.8169238781403
cancer,01-01-1995,Azmi,Chandausi ,4:10,28.449104,78.7828513
scorpio,08-09-1970,Aamra,Gondal ,22:7,21.9721823,70.7955235
pisces,27-08-1970,Aryaman,Sivasagar,14:23,26.9834936,94.6394226
aries,14-11-1978,Garv,Mysore,13:26,12.3051828,76.6553609
leo,10-05-1964,Japjot,Darbhanga ,13:8,26.082989949999998,86.03249509324232
sagittarius,19-05-1956,Cherry,Joshimath,0:15,30.5555752,79.5612607
taurus,12-05-1988,Bidisha,Pilibhit ,16:22,28.4947158,80.1076121626605
virgo,05-06-1983,Bhavini,Shirdi,21:58,19.7668121,74.4754386
capricorn,05-11-1995,Hrishab,Hugli-Chinsurah ,15:56,22.8854687,88.3837126
gemini,25-04-1978,Rachana,Parbhani,20:55,19.29019805,76.60264434278307
libra,26-04-1966,Zoya,Dinapur Nizamat ,9:50,,
aquarius,11-12-1951,Kuldeep,Mount Abu,11:53,24.592433,72.7081876
cancer,16-07-1961,Jasbir,Pilibhit,11:16,28.4947158,80.1076121626605
scorpio,27-07-1974,Aadita,Ambikapur ,9:9,23.1226343,83.1981886
pisces,28-06-1965,Kaustav,Anand ,3:32,22.5586555,72.9627227
aries,19-01-1948,Achintya,Bandipur,21:21,27.9380224,84.4066959
leo,08-02-1976,Abhijeet,Talcher,2:27,20.9458183,85.2111736
sagittarius,28-01-1982,Lotika,Sambhal ,17:43,28.6187267,78.5508909140845
taurus,13-09-1978,Hanif,Durg ,3:57,21.1982964,81.40079215767969
virgo,15-12-1999,Girish,Chikka Mandya,15:45,12.5458134,76.8959387
capricorn,26-01-1995,Hema,Latur ,8:52,18.35159075,76.75542361334745
gemini,10-03-1944,Garg,Hanumangarh ,4:37,29.3659533,74.29842896506344
libra,21-09-1979,Chasmum,Satara ,22:8,17.63612885,74.29827807601782
aquarius,23-07-1963,Devjeet,Sawai Madhopur ,17:0,26.1137182,76.4240637330536
cancer,11-02-1952,Arya,Jaisalmer,7:46,27.0264162,70.77751197645885
scorpio,09-05-1981,Kamya,Jammu ,17:32,32.7185614,74.8580917
pisces,25-01-1989,Daksha,Porbandar ,11:46,21.6409,69.611
aries,11-02-1948,Aadhavi,Bilaspur ,17:59,30.3612115,77.3229651442197
leo,14-08-1979,Yogesh,Kullu,21:25,32.00186325,77.37899639741332
sagittarius,02-02-1952,Farida,Tarkarli,11:7,16.006814,73.4918404
taurus,01-10-1952,Kirti,Delhi,19:57,28.6273928,77.1716954
virgo,02-02-1994,Amit,Gopalpur,18:22,25.30946375,87.20787305955696
capricorn,23-10-1972,Vaibhav,Rishra ,6:17,22.7247059,88.3434353
gemini,23-10-1958,Aayod,Baraut ,16:25,29.1560645,77.30640323368971
libra,20-07-1978,Abhishek,Somnath,13:7,20.8907001,70.4025266
aquarius,30-10-1995,Charita,Ravangla,0:23,27.3051271,88.3644723
cancer,11-09-1971,Bharat,Gandhinagar ,22:30,23.2232877,72.6492267
scorpio,18-07-1991,Akanksha,Seoni ,10:23,22.2748109,79.72025222428486
pisces,18-05-1949,Kirandeep,Alipurduar,4:1,26.4851573,89.5246926
aries,02-11-1993,Dipta,Buxar ,14:58,25.5716195,83.9729568
leo,19-08-1981,Lata,Kasganj ,23:15,27.88422635,78.63387553623119
sagittarius,07-04-1991,Jamir,Tirunelveli,1:48,8.5495014,77.58051775636523
taurus,09-02-1992,Deependra,Vizianagaram,21:20,18.1139259,83.3979562
virgo,20-04-1980,Abeer,Burari ,7:2,11.469906,13.757859
capricorn,19-06-1986,Divyaraj,Damoh ,4:34,23.75,79.583333
gemini,28-11-1997,Gita,Kadapa,12:17,14.4752936,78.8216861
libra,28-06-1954,Divyam,Khanna ,11:49,31.0782705,75.1318503
aquarius,25-01-1999,Damini,Azamgarh ,6:57,26.023639000000003,83.02931045602446
cancer,18-03-1961,Bhavika,Ahmadnagar ,23:52,19.074352,74.7219979
scorpio,20-04-1992,Fatima,Thanjavur,5:21,10.65903695,79.20142776213416
pisces,09-03-1974,Anshuman,Bhiwani,11:50,28.7931703,76.1391283
aries,02-10-1987,Ibrahim,Durgapur ,15:0,23.5350475,87.3380425
leo,05-04-1986,Anuraktika,Rae Bareli ,18:7,26.25,81.25
sagittarius,18-02-1981,Aayush,Orchha,12:52,25.3528706,78.6402465
taurus,17-12-1962,Anjaneya,Ayodhya,6:12,26.6382763,82.05850340767219
virgo,20-05-1985,Aarya,Bidar ,7:35,18.02315245,77.249718672587
capricorn,05-03-1942,Ilakkiyan,Bhind ,4:12,26.5,78.75
gemini,19-06-1964,Ekta,Ranikhet,20:22,29.632300700000002,79.4154141676432
libra,02-05-1981,Madhusudan,Vrindavan,3:57,27.5753726,77.6938045
aquarius,19-03-1997,Dhaval,Tonk,23:21,26.122266000000003,75.82386305157223
cancer,08-06-1999,Anubhuti,Narkanda,18:45,31.2547508,77.4612694
scorpio,28-10-1986,Prasad,Bhopal ,7:13,23.2584857,77.401989
pisces,27-08-1983,Aswad,Bir Billing,22:41,32.0563633,76.7318737
aries,02-07-1976,Tina,Mahabubnagar,15:11,16.696568550000002,77.95911462089693
leo,29-04-1952,Kaiyen,Varanasi ,0:25,25.3356491,83.0076292
sagittarius,16-01-1995,Elili,Sangli Miraj Kupwad ,4:15,16.8502534,74.5948885
taurus,23-09-1952,Janaki,Shamli ,5:26,29.4976372,77.34722114724295
virgo,01-06-1979,Chathresh,Rewa ,5:18,24.75608455,81.38105738502682
capricorn,20-10-1956,Abdur,Chhattarpur ,20:39,23.27963995,80.03898433785184
gemini,15-01-1943,Abrar,Tenali ,17:17,16.2377735,80.6464219
libra,01-06-1994,Mohan,Shoja,16:52,38.9004221,45.6434003
aquarius,18-02-1946,Ahinsa,Vadodara,8:34,22.2973142,73.1942567
cancer,26-05-1991,Aadidev,Amravati ,10:38,21.15454115,77.64429617998744
scorpio,21-01-1949,Jahanvi,Coorg,20:6,12.9363343,77.6151183
pisces,05-04-2001,Bibhu,Hampi,7:21,15.3358,76.4610201
aries,01-02-1943,Mridula,Kumbakonam,15:12,10.9604108,79.3820861
leo,07-02-1960,Chander,Chidambaram,2:26,11.3994826,79.6909383
sagittarius,19-08-1991,Fatahun,Port Blair ,18:29,11.6645348,92.7390448
taurus,10-06-2001,Arpita,Chitradurga ,6:11,14.3049174,76.52972341987515
virgo,28-03-1950,Mohini,Khurja ,10:37,28.206280749999998,77.87643676127676
capricorn,11-06-1959,Kavyansh,Mussoorie,0:54,30.4569012,78.0782906
gemini,10-07-1992,Ilamaran,Vizianagaram,4:11,18.1139259,83.3979562
libra,11-03-1943,Shalini,Gandhidham ,16:34,23.0718743,70.131715
aquarius,26-10-1949,Anubhav,Puri ,10:48,19.8076083,85.8252538
cancer,16-06-1990,Vijaya,Gonda ,21:19,27.1103723,81.92389055909715
scorpio,25-03-1947,Aastha,Puttaparthi,22:9,14.1636778,77.8124982
pisces,29-03-1987,Faizan,Hoshangabad ,2:34,22.7529598,77.7173261
aries,11-12-1946,Aatreya,Habra ,16:9,22.8400629,88.6630678
leo,16-07-1944,Humaid,Mandya ,1:44,12.5238888,76.8961961
sagittarius,19-11-1976,Inderpal,Machilipatnam ,18:6,16.1817369,81.1348181
taurus,24-05-2001,Eiravati,Rohtak,13:44,28.9010899,76.5801935
virgo,14-06-2000,Aritra,Brahmapur,14:2,19.3098134,84.7971562
capricorn,21-06-1974,Kavisha,Asansol ,23:56,23.6871297,86.9746587
gemini,03-01-1979,Ekta,Madurai,18:5,9.9261153,78.1140983
libra,13-01-1950,Avnindra,Kirari Suleman Nagar ,21:48,28.7026993,77.047004
aquarius,29-04-1978,Jigruksha,Gandhinagar,6:27,23.2232877,72.6492267
cancer,29-08-1959,Ekanpreet,Bangalore,3:15,12.98815675,77.62260003796
scorpio,09-03-1947,Inabat,Adityapur ,6:42,22.792542349999998,86.08551847167897
pisces,27-08-1956,Konkana,Bilaspur,23:30,30.3612115,77.3229651442197
aries,16-09-1977,Harsha,Kozhikode ,14:23,11.2450558,75.7754716
leo,09-01-1973,Hajira,Belgaum ,13:5,15.8572666,74.5069343
sagittarius,22-06-1942,Atif,Aligarh ,14:38,27.8761073,78.13581531245276
taurus,15-08-1996,Devadarshini,Shillong ,2:25,25.5760446,91.8825282
virgo,25-08-1983,Kavya,Aligarh,3:23,27.8761073,78.13581531245276
capricorn,14-03-1988,Deepak,Gangtok,12:27,27.329046,88.6122673
gemini,19-06-1947,Aashvi,Baripada Town ,6:50,21.9335055,86.76662036411545
libra,09-11-1959,Jigisu,Gurgaon ,10:8,28.4646148,77.0299194
aquarius,31-10-1958,Hemavarun,Kolkata ,20:5,22.5726459,88.3638953
cancer,19-05-1968,Iravaj,Chapra ,23:18,25.773344299999998,84.78497716754097
scorpio,11-03-1961,Ilavalagi,Junagadh,21:5,21.5174104,70.4642754
pisces,17-04-1955,Eashan,Bhopal ,22:28,23.2584857,77.401989
aries,25-11-1965,Apurva,Jodhpur,1:29,26.2967719,73.0351433
leo,08-08-1964,Ankita,Ongole,16:8,15.5058714,80.0499454
sagittarius,30-08-1969,Sonal,Alappuzha,10:41,9.5006651,76.41241428564258
taurus,18-01-1986,Debashish,Gulbarga ,0:40,17.166667,77.083333
virgo,08-04-1958,Gyanvi,Panchkula ,6:38,30.6975401,76.8551066
capricorn,22-07-1944,Meena,Uluberia ,15:16,22.4700318,88.1011108
gemini,28-07-1967,Aanya,Motihari ,20:32,26.66951195,84.95741062485514
libra,04-07-1972,Jaskeerat,Meerut,1:51,29.0018557,77.76796714992041
aquarius,09-04-1954,Hanshitha,Agra ,0:12,27.1752554,78.0098161
cancer,06-06-1953,Kishan,Puruliya ,1:39,23.333333,86.416667
scorpio,27-03-1956,Kaivalya,Brahmapur Town ,17:20,,
pisces,29-11-1994,Lopa,Ranchi,21:30,23.3700501,85.3250387
aries,14-10-1952,Gaurika,Belgaum,4:43,15.8572666,74.5069343
leo,15-01-1952,Abhilash,Barot,19:41,32.0377277,76.8452055
sagittarius,14-11-1943,Kanta,Bharuch ,12:13,21.82728385,72.89284864362733
taurus,04-11-1952,Ekantika,Nagaur ,5:49,26.9873443,73.73890107316704
virgo,25-09-1946,Jitendra,Hazaribag ,17:6,23.9924352,85.3616252
capricorn,12-04-1972,Goldy,Ghaziabad,19:36,28.7678881,77.46066723508514
gemini,09-02-1975,Hridyanshu,Kaziranga,8:53,26.65810465,93.39274406257059
libra,13-07-1942,Farhan,Mirzapur-cum-Vindhyachal ,0:43,,
aquarius,24-09-1955,Grover,Aizawl ,4:14,23.7433532,92.7382756
cancer,17-10-2000,Afzan,Bhadravati ,8:25,13.8502075,75.7037863
scorpio,23-07-1946,Ayush,Keonjhar,4:8,21.5,85.5
pisces,07-04-1973,Anil,Mandu,12:26,23.7978518,85.5263324593129
aries,29-05-1956,Digraj,Amreli ,22:29,21.4176122,71.24960898982046
leo,14-05-1986,Aarna,Kamarhati ,12:19,22.6810246,88.3715343
sagittarius,06-09-1998,Amrutha,Etawah ,16:58,26.715562900000002,79.09170983360895
taurus,31-10-1986,Anadi,Diu,18:57,20.718174949999998,70.93238341010638
virgo,20-07-1957,Jagrati,Gwalior,0:58,26.2037247,78.1573628
capricorn,24-06-1954,Aaryan,Ambattur ,15:40,13.1193746,80.1507648
gemini,31-05-1997,Kiran,Dibrugarh ,13:21,27.4844597,94.9019447
libra,03-01-1958,Gnanavalli,Hajo,14:18,26.23597655,91.54234804390661
aquarius,03-02-1964,Abhishek,DehraDun,2:8,30.3255646,78.0436813
cancer,27-11-1991,Isha,Karaikkudi ,13:6,10.04451205,78.7433633227108
scorpio,04-11-1963,Ambar,Delhi Cantonment ,11:21,28.5888565,77.132399
pisces,01-03-1990,Kshamya,Bareilly,6:23,28.45823445,79.40474517998476
aries,18-09-1969,Bhavi,Mandi,17:57,31.7084496,76.9293782
leo,27-01-1977,Babitarani,North Barrackpur ,11:14,22.8907698,88.4355787
sagittarius,20-09-1968,Darvesh,Sarnath,7:51,25.3776274,83.0275999
taurus,25-07-1989,Amarpreet,Pahalgam,17:32,34.01448585,75.32851642391816
virgo,16-05-1981,Himaksh,Muzaffarpur ,18:53,26.1482548,85.3316096785584
capricorn,03-08-1954,Bhavya,Guwahati,15:23,26.1805978,91.753943
gemini,26-01-1956,Lekhraj,Bellary,6:53,15.1433952,76.9193876
libra,14-05-1987,Jaiden,Delhi,17:6,28.6273928,77.1716954
aquarius,22-03-1943,Anoop,Vellore ,16:40,12.9021849,79.06110398623842
cancer,25-07-1975,Sharad,Miryalaguda ,0:59,16.8710119,79.5617353
scorpio,19-05-1981,Ashutosh,Pimpri Chinchwad ,18:11,18.6279288,73.8009829
pisces,30-08-1965,Junaid,Shimoga,6:23,13.9326093,75.574978
aries,21-08-2000,Divit,Chas ,0:52,45.7489353,3.3018243
leo,26-04-1992,Arunima,Jammu,19:44,32.7185614,74.8580917
sagittarius,19-11-1966,Chandana,Faridabad,18:6,28.4031478,77.3105561
taurus,06-07-1967,Jauhari,Kurnool ,19:55,15.8309251,78.0425373
virgo,03-02-2000,Chandni,Jhansi,20:52,25.529855,78.65278023546288
capricorn,25-05-1946,Jhalak,Bally City,3:10,22.6469581,88.343612
gemini,04-10-1953,Samir,Amritsar,3:8,31.6343083,74.8736788
libra,07-09-1942,Akshaya,Hindupur ,12:37,13.8306127,77.492635
aquarius,31-01-1959,Bhavesh,Kakinada ,7:42,16.9437385,82.2350607
cancer,09-08-1942,Harshada,Alibaug,9:53,18.6627281,72.8787677
scorpio,16-10-1977,Aahan,Bokaro Steel City ,19:11,23.6579595,86.0839161
pisces,05-06-1995,Durba,Dibrugarh,16:46,27.4844597,94.9019447
aries,14-08-1991,GopalDas,Khammam,0:58,17.172918850000002,80.40575365751027
leo,14-10-1974,Gurjot,Guwahati ,16:17,26.1805978,91.753943
sagittarius,20-10-1999,Kanan,Purulia,13:49,23.2020967,86.32289877475208
taurus,12-03-1988,Ekanta,Jagdalpur ,4:3,19.0870758,82.0235715
virgo,28-10-1998,Hussain,Deoria ,17:56,26.423991100000002,83.7638577758042
capricorn,17-06-2001,Karthik,Rudrapur ,5:17,28.9707183,79.3972845
gemini,24-05-1963,Kishen,Jamnagar ,17:14,22.4732415,70.0552102
libra,23-01-1992,Kenisha,Puducherry,19:43,10.91564885,79.80694879844232
aquarius,11-02-1992,Kanayali,Cuttack,10:43,20.4686,85.8792
cancer,27-07-1993,Bodhi,Hinganghat ,8:39,20.475194950000002,78.74239647465441
scorpio,08-12-1958,Jeet,Jamshedpur,19:42,22.8015194,86.2029579
pisces,04-09-2000,Kushan,Brajrajnagar,9:17,21.8498594,83.9254698
aries,27-06-1948,Khaleel,Jorhat,17:36,26.7577925,94.2079645
leo,14-05-1967,Advaith,New Delhi,19:12,28.6138954,77.2090057
sagittarius,13-05-1945,Hiral,Badami,8:5,15.9203874,75.6807865
taurus,28-11-1975,Jivika,Nanded,20:39,19.09400875,77.48319215130235
virgo,15-02-1986,Dulal,Puri,0:34,19.8076083,85.8252538
capricorn,19-03-1998,Vijay,Baran ,11:31,24.92081645,76.6821984669639
gemini,24-01-1952,Faraz,Faizabad ,12:26,39.6003856,77.2571513
libra,07-10-1949,Hitesh,Chanda,17:0,24.88603315,87.78276049818581
aquarius,28-12-1961,Chaitanya,Puducherry,1:58,10.91564885,79.80694879844232
cancer,28-05-1994,Adhrit,Yavatmal ,17:48,20.3270469,78.1186870440679
scorpio,09-07-2001,Abhaya,Nandyal ,7:50,15.4736293,78.4806592
pisces,06-07-1957,Aditi,Panipat ,22:57,29.3912753,76.9771675
aries,09-05-1966,Aarav,Chennai,3:36,13.0836939,80.270186
leo,11-11-1946,Devi,Ambala ,9:42,30.3843674,76.770421
sagittarius,07-08-1969,Libni,Mango ,13:21,44.686443,8.150239
taurus,04-05-2001,Sanjay,Jabalpur,1:27,23.1608938,79.9497702
virgo,31-01-1977,Chameli,Mirzapur,20:49,24.9316896,82.62801628419575
capricorn,04-03-1946,Anita,Thoothukkudi ,0:3,8.756745200000001,78.07975266019861
gemini,09-09-1997,Gunasundari,Cuttack,8:37,20.4686,85.8792
libra,06-11-1975,Arnab,Leh,20:22,34.1642029,77.5848133
aquarius,21-10-1984,Ayushman,Mahesana ,0:1,23.6015557,72.3867981
cancer,23-08-1966,Ijaya,Bijapur,19:58,16.8269911,75.7175387
scorpio,11-09-1990,Chandranshu,Nellore,6:13,14.4493717,79.9873763
pisces,09-10-1991,Tanuja,Secunderabad ,21:53,17.4337246,78.5006827
aries,06-08-1972,Anil,Jalpaiguri,7:21,26.62628045,88.73344851670664
leo,07-01-1944,Abhaysinha,Baleshwar Town ,20:8,21.5017098,86.9216712
sagittarius,10-03-1979,Aruna,Sirsa,18:22,29.583333,75.083333
taurus,13-03-1980,Jeevan,Nagaon ,9:12,26.3313646,92.75247628339588
virgo,10-05-1993,Hemani,Kochi,21:59,9.9674277,76.2454436
capricorn,25-07-1943,Avani,Sawai Madhopur,13:37,26.1137182,76.4240637330536
gemini,02-03-1952,Jalender,Nadiad ,19:32,22.6895535,72.8713603
libra,03-09-1965,Sandhya,Navsari ,17:7,20.952407,72.9323831
aquarius,23-05-1959,Krithika,Morena ,14:36,26.166667,77.5
cancer,24-01-1946,Laiba,Tiruchchirappalli,17:31,10.8067917,78.7039861
scorpio,05-12-1996,Atul,Champdani ,22:18,,
pisces,01-09-1942,Chitra,Deoli ,4:10,20.631117500000002,78.39717127244442
aries,11-08-1970,Bhaskor,Kovalam,12:4,8.3902593,76.9785152
leo,06-02-1948,Arti,Guntur,9:30,16.2915189,80.4541588
sagittarius,20-01-1996,Harpal,Bhilai,9:25,21.2120677,81.3732849
taurus,18-09-1962,Aria,Naihati ,21:54,22.8886213,88.4239345
virgo,28-09-1970,Lubna,Veraval ,12:44,20.9101099,70.365279
capricorn,30-12-1946,Chayan,Nagapattinam ,10:17,10.60262025,79.7619347994777
gemini,09-02-1992,Bhawana,Pali ,10:57,25.45522105,73.4193889559074
libra,22-09-1998,Arnav,Balasore,2:35,21.5006421,86.919884
aquarius,20-03-1999,Anjoo,Guntur,0:4,16.2915189,80.4541588
cancer,10-11-1982,Kalindee,Churu ,6:17,28.20477805,74.69129960764752
scorpio,23-01-2000,Jigar,Udaipur,21:46,24.578721,73.6862571
pisces,13-11-1964,Bhama,Udhampur,12:46,33.0,75.166667
aries,15-10-1960,Bhavana,Kolar,12:2,13.18050655,78.26693288646007
leo,19-07-1989,Guru,Bikaner,11:55,28.0159286,73.3171367
sagittarius,17-04-1995,Ashay,Gokal Pur ,11:15,32.3616465,75.1093651
taurus,10-06-1963,Reena,Thanjavur ,3:13,10.65903695,79.20142776213416
virgo,22-10-2000,Vineet,Agartala,8:33,23.8312377,91.2823821
capricorn,30-03-1995,Achyut,Allahabad,5:21,25.4381302,81.8338005
gemini,08-06-1998,Ardhendu,Karimnagar ,3:47,18.4348122,79.1328042
libra,21-12-1981,Bishakha,Pelling,16:47,27.3003722,88.2356503
aquarius,23-06-1978,Dhariyithri,Imphal,13:33,24.7991162,93.9364419
cancer,11-08-1968,Rajani,Kishangarh ,23:53,26.5885585,74.861097
scorpio,31-12-1969,Kamal,Jalna ,1:27,19.918832950000002,75.87085986165867
pisces,25-05-1999,Inika,Jhunjhunun ,16:38,28.0,75.5
aries,11-07-1961,Deepika,Hardoi ,23:54,27.336997750000002,80.09982319183257
leo,07-11-1977,Roopa,Jamuria ,17:35,23.7102112,87.077021
sagittarius,04-12-1949,Brinda,Bhubaneswar Town ,17:14,20.14804505,85.67642097423138
taurus,11-10-1948,Hiba,Unnao ,1:49,26.5673264,80.61981926788883
virgo,21-01-1946,Arup,Chikmagalur,23:53,13.318014,75.7738743
capricorn,16-11-1943,Haaris,Sonipat ,4:10,28.9953758,77.0233627
gemini,29-02-1976,Datarpreet,Madurai,9:21,9.9261153,78.1140983
libra,07-03-1957,Charu,Mira Bhayander ,20:3,19.2970316,72.858686
aquarius,06-06-1965,Azha,Rajahmundry,0:28,17.0050454,81.7804732
cancer,24-10-1986,Rajat,Jaipur,21:21,26.9154576,75.8189817
scorpio,27-10-1959,Meera,Bhimavaram ,22:40,16.5427689,81.527344
pisces,19-07-1951,Dinesh,Mangalore,6:52,12.8698101,74.8430082
aries,02-08-1999,Diksha,Tirupati ,20:28,13.6316368,79.4231711
leo,17-12-1975,Jahan,Tumkur ,15:32,13.3400771,77.1006208
sagittarius,05-06-1943,Kajol,Bhiwani ,14:53,28.7931703,76.1391283
taurus,28-10-1993,Arun,Hardwar ,9:30,29.9384473,78.1452985
virgo,16-10-1960,Kaberi,Baranagar ,15:58,22.6493438,88.3685302
capricorn,25-11-1966,Anshu,Ghandinagar,22:26,18.3217294,79.8283858
gemini,16-03-1984,Pooja,Ghazipur ,2:21,25.60348625,83.50758884009142
libra,16-12-1967,Sunil,Alwar,8:9,27.414004849999998,76.61703869600933
aquarius,19-12-1978,Aakshi,Amritsar,17:51,31.6343083,74.8736788
cancer,11-11-1984,Heena,Madavaram ,22:46,13.6968985,78.760684
scorpio,30-09-1989,Ayan,Akola ,13:13,20.76181225,77.1921156663574
pisces,28-01-1991,Abhay,Srinagar ,20:44,34.0747444,74.8204443
aries,02-04-1957,Hemant,Patna,10:56,25.6093239,85.1235252
leo,20-03-1961,Baghyawati,Asansol,23:7,23.6871297,86.9746587
sagittarius,04-09-1973,Latifah,Bekal,22:18,12.395725,75.0371916
taurus,07-12-1995,Henish,Thiruvananthapuram ,13:47,8.4882267,76.947551
virgo,17-07-1967,Indu,Raipur,0:34,21.2380912,81.6336993
capricorn,17-11-1941,GangaRam,Baidyabati ,0:55,22.7949104,88.3317725
gemini,18-09-1987,Kalpi,Thrissur ,8:44,10.5270099,76.214621
libra,18-05-1943,Daiwik,North Dum Dum ,23:40,22.6520597,88.4360417
aquarius,09-09-1957,Karali,Jodhpur ,12:6,26.2967719,73.0351433
cancer,07-11-1950,Aakanksha,Dz√ºkou Valley,4:23,25.5514981,94.1215991
scorpio,12-09-1949,Jalil,Osmanabad ,8:11,18.28224535,76.05881660170444
pisces,11-04-1977,Ajaipal,Raichur ,21:5,16.054719400000003,76.90036472411589
aries,13-09-1975,Shubham,Bhagalpur ,1:47,25.286135350000002,87.13042293057262
leo,28-03-2001,Himanshu,Tirunelveli ,14:43,8.5495014,77.58051775636523
sagittarius,29-06-1995,Garuda,Nalgonda ,23:48,16.8579636,79.21749353315548
taurus,09-08-1950,Aakesh,Dindigul ,6:34,10.425689649999999,77.815663999998
virgo,25-06-1996,Hansika,Tiruchirappalli ,8:6,10.804973,78.6870296
capricorn,22-06-1943,Jagvi,Kodaikanal,10:21,10.233712,77.4919719
gemini,16-01-1987,Sunita,Ichalkaranji ,12:44,16.6959348,74.4555755
libra,02-02-1950,Kasniya,Berhampur,2:48,21.49308515,86.63272982626935
aquarius,15-05-1993,Gunbir,Ulhasnagar ,18:56,19.2236329,73.1671515
cancer,08-11-1964,Chinmay,Nangloi Jat ,9:34,,
scorpio,31-12-1945,Harsha,Kolar ,9:41,13.18050655,78.26693288646007
pisces,04-07-1960,Chandra,Lucknow,14:46,26.8381,80.9346001
aries,14-04-1960,Antara,Ambala,15:44,30.3843674,76.770421
leo,04-07-1976,Haniya,Hassan ,20:8,13.030185249999999,76.17449676658171
sagittarius,14-11-1994,Anchal,Almora,2:4,29.70265095,79.43263182057746
taurus,07-01-1973,Ananya,Warangal,2:15,17.9820644,79.5970954
virgo,05-05-1979,Husain,Vishakhapatnam,20:26,,
capricorn,22-07-1974,Deepshikha,Etah ,9:9,27.5550357,78.59922214449577
gemini,08-01-1966,Eshwaritha,Noida,11:58,28.5706333,77.3272147
libra,24-11-1981,Devika,Pune,13:58,18.5213738,73.8545071
aquarius,25-02-1984,Farah,Chilika,22:5,19.6853207,85.25036968762618
cancer,21-01-1979,Gathika,Tezpur,13:29,26.6229928,92.7976082
scorpio,30-03-1978,Divya,Siwan ,21:35,26.131008,84.39107448141786
pisces,09-01-1942,Anirudh,New Delhi,8:55,28.6138954,77.2090057
aries,12-04-1967,Divyanshika,Pallavaram ,21:55,12.989815700000001,80.10098654184341
leo,17-05-1977,Goswami,Moga ,18:16,30.7877554,75.15935898836224
sagittarius,24-02-1987,Amrit,Dwarka,19:57,22.2471009,68.9742446
taurus,16-05-1958,Debyendu,Moradabad ,1:22,28.879655300000003,78.80953353954959
virgo,20-10-1949,Ishanvi,Varkala,22:35,8.7342288,76.7257086
capricorn,27-06-1998,Akshay,Amroha ,21:56,28.90662,78.4707309
gemini,30-03-1987,Joy,Bidar,18:2,18.02315245,77.249718672587
libra,11-08-1971,Devbrat,Itanagar,7:43,27.0979659,93.6237291
aquarius,26-09-1956,Dolly,Krishnanagar ,7:13,23.4058481,88.4958935
cancer,28-10-1946,Jayanti,Dewas ,16:40,23.0,76.166667
scorpio,05-05-1972,Barkha,Haldwani-cum-Kathgodam ,21:14,,
pisces,23-03-1998,Inderveer,Jalandhar ,1:15,31.29223115,75.56788777097373
aries,11-10-1980,Devashish,Jaunpur ,8:33,25.7967065,82.4888992436659
leo,31-03-1960,Bhuvan,Chandigarh ,20:36,30.7334421,76.7797143
sagittarius,29-12-1953,Vinod,Greater Mumbai ,11:36,19.1074889,72.8718705
taurus,13-05-1975,Lipika,Hisar,19:39,29.080640950000003,75.788754109493
virgo,09-08-1962,Siddharth,Ujjain,10:49,23.1885131,75.7716562
capricorn,01-08-1953,Seema,Sambalpur,6:3,21.4,83.883333
gemini,06-08-1994,Namita,Mainpuri ,12:58,27.20930715,79.06253691568566
libra,30-01-1958,Loshith,Hospet ,17:53,15.266493,76.3872297
aquarius,18-11-1941,Adweta,Raigarh ,11:29,22.5,83.5
cancer,16-12-1963,Kripa,Chittaurgarh ,2:24,24.5,74.5
scorpio,07-04-1992,Herik,Rajpur Sonarpur ,9:28,22.4408748,88.4246368
pisces,20-10-1977,Suraj,Barshi ,3:17,18.2341108,75.6875109
aries,07-02-1996,Kshitij,Bhubaneswar,6:40,20.2602964,85.8394521
leo,24-08-1971,Aishwarya,Konark,17:48,19.90742915,86.14201945385827
sagittarius,14-03-2001,Angad,Udgir ,8:18,18.3921349,77.1196118
taurus,20-04-1998,Swati,Serampore ,0:40,22.7549951,88.3416672
virgo,24-09-1979,Ayla,Kanpur City,19:0,26.4551032,80.3512287
capricorn,14-02-1999,Ajay,Nalgonda,8:41,16.8579636,79.21749353315548
gemini,03-04-1951,Keerat,Badlapur ,4:12,25.8951364,82.43987209006801
libra,10-04-1959,Ishpreet,Kollam,15:43,8.8879509,76.5955013
aquarius,08-10-1956,Ashish,Majuli,4:2,27.021952849999998,94.32742302965544
cancer,11-04-1995,Anitha,Srinagar,5:27,34.0747444,74.8204443
scorpio,07-09-1956,Kausar,Orai ,6:14,25.9359555,79.42432768008604
pisces,26-09-2000,Nalini,Gorakhpur ,17:59,26.6677977,83.364233378331
aries,14-11-1943,Anya,Cooch Behar,4:26,26.3223696,89.4592445
leo,25-06-1947,Kaushiki,Tadepalligudem ,9:59,16.8102437,81.526592
sagittarius,28-05-1976,Arti,Port Blair,20:53,11.6645348,92.7390448
taurus,16-06-1991,Purnima,Greater Hyderabad ,6:3,17.4818815,78.36778528548837
virgo,15-10-1982,Kulveer,Firozabad,4:57,27.178397150000002,78.38936471833091
capricorn,10-03-1950,Devirupa,Hapur,2:13,28.739459150000002,77.83517038273197
gemini,01-01-1964,Kalindi,Sonipat,22:0,28.9953758,77.0233627
libra,16-01-1948,Debanjana,Kanpur,22:12,26.4609135,80.3217588
aquarius,25-03-1957,Love,Guwahati,8:40,26.1805978,91.753943
cancer,24-03-1961,Aditya,Deoghar,13:13,24.4766423,86.60673245386945
scorpio,10-04-2001,Chavvi,Alandur ,19:7,13.0042558,80.2014525
pisces,01-11-1989,Chandran,Bhilwara,12:19,25.48911765,74.33007256947698
aries,17-03-1947,Imara,Vadodara,18:59,22.2973142,73.1942567
leo,27-08-1969,Acchutan,Rajkot ,15:40,22.3053263,70.8028377
sagittarius,18-12-1946,Aayushi,Raiganj ,17:47,25.6271966,88.1317967
taurus,01-03-1949,Galav,Nubra Valley,9:22,33.9940885,77.8233593
virgo,01-09-1976,Kandarp,Hisar ,1:34,29.080640950000003,75.788754109493
capricorn,27-01-1985,Lusha,Surat,21:13,45.9383,3.2553
gemini,28-05-1944,Tarun,Rajahmundry ,5:32,17.0050454,81.7804732
libra,17-06-1975,Indrani,Kumbakonam ,2:26,10.9604108,79.3820861
aquarius,10-12-1948,Advith,S.A.S. Nagar ,22:58,17.480926850000003,78.5571143658342
cancer,11-07-1972,Harpreet,Ajmer,19:51,26.4691,74.639
scorpio,15-01-1954,Ghalib,Hosur ,15:33,12.7328844,77.8309478
pisces,19-05-1993,Iskand,Saharanpur ,14:32,29.9856799,77.50406459058038
aries,18-06-1966,Arihant,Kharagpur ,17:25,25.132982,86.52484857739515
leo,21-05-1951,Hiran,Wardha ,7:10,20.82562315,78.61314549522919
sagittarius,29-12-1970,Gnaneswar,Halisahar ,10:16,22.9322475,88.4248587
taurus,01-08-1963,Gurbachan,Nashik ,14:13,20.0112475,73.7902364
virgo,29-06-1945,Kismet,Kochi ,20:17,9.9674277,76.2454436
capricorn,19-03-1961,Amulya,Saidpur,21:55,25.58378845,83.2637704409629
gemini,28-01-1946,Armoghan,Tiruppur ,20:12,10.791526650000002,77.53254662905589
libra,10-08-1955,Gitanshu,Bhilai Nagar ,21:10,21.2011836,81.3352266
aquarius,05-03-1971,Sharmila,Cuddalore,20:9,11.52020705,79.33963564750636
cancer,31-07-1989,Jeevika,Mysore ,5:40,12.3051828,76.6553609
scorpio,11-01-1986,Sheetal,Allahabad ,11:36,25.4381302,81.8338005
pisces,02-07-1981,Jodha,Bellary ,4:36,15.1433952,76.9193876
aries,06-08-1942,Sandeep,Mathura,22:0,27.633333,77.583333
leo,26-06-1966,Dhruv,Khora ,8:9,22.33815655,77.71555036767253
sagittarius,19-08-1949,Natasha,Bakshpur,8:13,,
taurus,29-08-1990,Deepanshu,Patna ,10:9,25.6093239,85.1235252
virgo,05-05-1989,Chandresh,Gondiya ,9:55,21.1456285,80.26838674856234
capricorn,08-09-1975,Karmendra,Kalol ,4:46,22.6103179,73.4617061
gemini,15-08-1956,Ganesh,Raichur,5:18,16.054719400000003,76.90036472411589
libra,05-06-1993,Deep,Ujjain ,19:30,23.1885131,75.7716562
aquarius,02-01-1989,Manisha,Roorkee ,14:21,29.8693496,77.8902124
cancer,06-09-1959,Kashish,Bamanpuri,4:36,22.30521865,75.93472404565608
scorpio,31-05-1995,Akshita,Mahbubnagar ,4:27,16.7434538,77.9923191
pisces,05-03-1976,Havya,Kanpur ,21:41,26.4609135,80.3217588
aries,16-07-1989,Apsara,Kavaratti,14:43,10.55905,72.63656879807692
leo,15-03-1947,Iqra,Jagadhri ,0:48,30.1532045,77.30119568916503
sagittarius,11-02-1964,Aparsha,Tiruvannamalai,14:26,12.2343228,79.0761989
taurus,10-01-1966,Elavarasi,Rohtak ,9:41,28.9010899,76.5801935
virgo,24-07-1953,Abhinav,Lakhimpur ,15:50,27.17633555,94.19929317390199
capricorn,05-05-1994,Aishwarya,Panaji,6:1,15.4989946,73.8282141
gemini,02-09-1955,Aarti,Budaun,3:1,28.116667,78.983333
libra,07-01-1956,Adarsh,Hapur ,23:2,28.739459150000002,77.83517038273197
aquarius,20-07-1969,Kiranpreet,Hathras ,5:37,27.5724324,78.11162088731544
cancer,02-02-1949,Annanya,Gaya,9:31,24.7964355,85.0079563
scorpio,04-04-1971,Jigishu,Rajapalaiyam,14:15,9.4522179,77.5607781
pisces,20-09-1945,Harini,Saharanpur,3:33,29.9856799,77.50406459058038
aries,19-08-1977,Harbans,Allahabad,9:30,25.4381302,81.8338005
leo,17-06-1950,Gurbani,Sultan Pur Majra ,1:49,,
sagittarius,09-08-1980,Dheeraj,Munger ,6:58,25.2202864,86.51614835791698
taurus,20-06-1987,Prashant,Bally ,3:8,22.6469581,88.343612
virgo,25-08-1955,Anika,Nagercoil,10:36,8.1880471,77.4290492
capricorn,25-03-1985,Madhav,Bharatpur ,18:6,27.024695899999998,77.29201163357268
gemini,07-11-1987,Elamathi,Hoshiarpur ,15:32,31.60929415,75.84597544153354
libra,06-08-1971,Arman,Valsad ,9:1,20.43219565,73.14098929730321
aquarius,13-07-2000,Debesh,Sehore ,17:52,23.115004149999997,77.06653558236647
cancer,14-09-1995,Gopal,Raurkela Town ,5:32,,
scorpio,31-12-1991,Kunal,Gwalior ,0:5,26.2037247,78.1573628
pisces,24-02-1942,Rajan,Sultanpur ,7:40,26.260473150000003,82.23805321467546
aries,30-03-1985,Eesha,Imphal ,2:21,24.7991162,93.9364419
leo,12-03-1958,Alka,Neyveli ,15:4,11.535987,79.4824392
sagittarius,26-11-1975,Surendra,Dabgram ,11:20,,
taurus,12-10-1955,Charulata,Suryapet ,4:22,17.08001385,79.7925329742427
virgo,15-10-1974,Mala,Dimapur ,14:27,25.911744,93.721703
capricorn,12-09-1981,Aahana,Kinnaur,6:34,31.593012950000002,78.32814168568953
gemini,20-02-1958,Ishya,Bharauri,2:53,,
libra,14-03-1957,Aayansh,Kolhapur ,2:59,16.7028412,74.2405329
aquarius,08-03-1953,Lakshmika,Kanyakumari,21:50,8.079252,77.5499338
cancer,27-08-1950,Harshita,Bijapur ,23:44,16.8269911,75.7175387
scorpio,19-09-1951,Anvit,Kumarakom,2:6,9.5949953,76.4302599
pisces,17-06-2001,Ekaja,Chandigarh ,12:48,30.7334421,76.7797143
aries,01-03-1948,Adhyantika,Srisailam,18:1,16.0737808,78.8727065
leo,16-10-1995,Anusha,Jalpaiguri ,14:37,26.62628045,88.73344851670664
sagittarius,01-01-1969,Kayalvizhi,Palanpur ,10:14,24.1709794,72.4366375
taurus,21-08-1962,Abhigya,Santipur ,22:46,22.2736935,88.478716
virgo,05-04-1970,Amara,Sitapur ,16:32,27.502674749999997,80.833513937751
capricorn,13-03-1965,Parul,Medinipur ,8:42,22.4207025,87.3269963
gemini,27-02-1959,Anjali,Kufri,19:28,31.1885191,77.027818
libra,07-03-1993,Archi,Deesa ,18:44,24.2594977,72.1803348
aquarius,04-04-1987,Ravi,Bhagalpur,16:25,25.286135350000002,87.13042293057262
cancer,17-04-1952,Dipa,Morvi ,9:38,25.26490965,82.98577262135697
scorpio,04-08-1996,Kritagya,Dhaulpur ,11:7,26.65303315,77.62410372608912
pisces,21-11-1971,Pramila,Khargone ,12:16,21.825599,75.614182
aries,29-04-1953,Ganika,Aurangabad ,6:10,24.75,84.5
leo,11-07-1964,Chaitali,Coimbatore ,13:37,11.0018115,76.9628425
sagittarius,14-11-1985,Praveen,Proddatur ,17:55,14.7555953,78.5501531
taurus,10-03-1983,Archita,Gurugram,15:36,28.4646148,77.0299194
virgo,07-01-1966,Jahangeer,Shiliguri,2:35,26.7164127,88.4309916
capricorn,23-06-1973,Gajdant,Silchar,12:38,24.817861100000002,92.75622075294373
gemini,17-11-1991,Anupam,Shahjahanpur ,18:0,27.9128583,79.74762537616267
libra,13-04-1992,Darshan,Ahmedabad,4:21,23.0215374,72.5800568
aquarius,25-04-1993,Jasmine,Hyderabad,15:32,17.360589,78.4740613
cancer,15-09-1960,Aviral,Hubli-Dharwad ,4:15,15.3518378,75.1379848
scorpio,16-07-1965,Hariharan,Ramagundam ,5:13,18.7615156,79.4787848
pisces,23-08-1962,Chak,Gudivada ,8:39,16.4329976,80.9937151
